bank,year,metric,metricName,mainValue,tushareValue,scrapedValue,selectedSource,scrapedSource,relatedScrapedTables,verificationStatus,differenceAbs,differencePct,managementAction
中国银行,2025,roa,总资产收益率,0.7026,,,main,,,main_only,,,主表已有值，核验源暂缺；正式报告保留主数据口径说明。
中国银行,2025,roe,净资产收益率,8.94,,,main,,,main_only,,,主表已有值，核验源暂缺；正式报告保留主数据口径说明。
中国银行,2025,costIncomeRatio,成本收入比,27.84,,,main,,,main_only,,,主表已有值，核验源暂缺；正式报告保留主数据口径说明。
中国银行,2025,nim,净息差,1.26,,,main,,,main_only,,,主表已有值，核验源暂缺；正式报告保留主数据口径说明。
中国银行,2025,npl,不良贷款率,1.23,,,main,,,main_only,,,主表已有值，核验源暂缺；正式报告保留主数据口径说明。
中国银行,2025,provisionCoverage,拨备覆盖率,200.37,,,main,,,main_only,,,主表已有值，核验源暂缺；正式报告保留主数据口径说明。
中国银行,2025,cet1,核心一级资本充足率,12.53,,,main,,,main_only,,,主表已有值，核验源暂缺；正式报告保留主数据口径说明。
中国银行,2025,liquidityCoverageRatio,流动性覆盖率,150.6,,,main,,,main_only,,,主表已有值，核验源暂缺；正式报告保留主数据口径说明。
交通银行,2025,roa,总资产收益率,0.6339,,,main,,,main_only,,,主表已有值，核验源暂缺；正式报告保留主数据口径说明。
交通银行,2025,roe,净资产收益率,8.38,,,main,,,main_only,,,主表已有值，核验源暂缺；正式报告保留主数据口径说明。
交通银行,2025,costIncomeRatio,成本收入比,29.3,,,main,,,main_only,,,主表已有值，核验源暂缺；正式报告保留主数据口径说明。
交通银行,2025,nim,净息差,1.2,,,main,,,main_only,,,主表已有值，核验源暂缺；正式报告保留主数据口径说明。
交通银行,2025,npl,不良贷款率,1.28,,,main,,,main_only,,,主表已有值，核验源暂缺；正式报告保留主数据口径说明。
交通银行,2025,provisionCoverage,拨备覆盖率,208.38,,,main,,,main_only,,,主表已有值，核验源暂缺；正式报告保留主数据口径说明。
交通银行,2025,cet1,核心一级资本充足率,11.43,,,main,,,main_only,,,主表已有值，核验源暂缺；正式报告保留主数据口径说明。
交通银行,2025,liquidityCoverageRatio,流动性覆盖率,123.02,,,main,,,main_only,,,主表已有值，核验源暂缺；正式报告保留主数据口径说明。
农业银行,2025,roa,总资产收益率,0.6346,,,main,,,main_only,,,主表已有值，核验源暂缺；正式报告保留主数据口径说明。
农业银行,2025,roe,净资产收益率,10.16,,,main,,,main_only,,,主表已有值，核验源暂缺；正式报告保留主数据口径说明。
农业银行,2025,costIncomeRatio,成本收入比,35.18,,,main,,,main_only,,,主表已有值，核验源暂缺；正式报告保留主数据口径说明。
农业银行,2025,nim,净息差,1.28,,,main,,,main_only,,,主表已有值，核验源暂缺；正式报告保留主数据口径说明。
农业银行,2025,npl,不良贷款率,1.27,,,main,,,main_only,,,主表已有值，核验源暂缺；正式报告保留主数据口径说明。
农业银行,2025,provisionCoverage,拨备覆盖率,292.55,,,main,,,main_only,,,主表已有值，核验源暂缺；正式报告保留主数据口径说明。
农业银行,2025,cet1,核心一级资本充足率,11.08,,,main,,,main_only,,,主表已有值，核验源暂缺；正式报告保留主数据口径说明。
农业银行,2025,liquidityCoverageRatio,流动性覆盖率,133.5,,,main,,,main_only,,,主表已有值，核验源暂缺；正式报告保留主数据口径说明。
工商银行,2025,roa,总资产收益率,0.7249,,,main,,,main_only,,,主表已有值，核验源暂缺；正式报告保留主数据口径说明。
工商银行,2025,roe,净资产收益率,9.45,,,main,,,main_only,,,主表已有值，核验源暂缺；正式报告保留主数据口径说明。
工商银行,2025,costIncomeRatio,成本收入比,28.05,,,main,,,main_only,,,主表已有值，核验源暂缺；正式报告保留主数据口径说明。
工商银行,2025,nim,净息差,1.28,,,main,,,main_only,,,主表已有值，核验源暂缺；正式报告保留主数据口径说明。
工商银行,2025,npl,不良贷款率,1.31,,,main,,,main_only,,,主表已有值，核验源暂缺；正式报告保留主数据口径说明。
工商银行,2025,provisionCoverage,拨备覆盖率,213.6,,,main,,,main_only,,,主表已有值，核验源暂缺；正式报告保留主数据口径说明。
工商银行,2025,cet1,核心一级资本充足率,13.57,,,main,,,main_only,,,主表已有值，核验源暂缺；正式报告保留主数据口径说明。
工商银行,2025,liquidityCoverageRatio,流动性覆盖率,138.61,,,main,,,main_only,,,主表已有值，核验源暂缺；正式报告保留主数据口径说明。
建设银行,2025,roa,总资产收益率,0.7883,,,main,,,main_only,,,主表已有值，核验源暂缺；正式报告保留主数据口径说明。
建设银行,2025,roe,净资产收益率,10.04,,,main,,,main_only,,,主表已有值，核验源暂缺；正式报告保留主数据口径说明。
建设银行,2025,costIncomeRatio,成本收入比,29.15,,,main,,,main_only,,,主表已有值，核验源暂缺；正式报告保留主数据口径说明。
建设银行,2025,nim,净息差,1.34,,,main,,,main_only,,,主表已有值，核验源暂缺；正式报告保留主数据口径说明。
建设银行,2025,npl,不良贷款率,1.31,,,main,,,main_only,,,主表已有值，核验源暂缺；正式报告保留主数据口径说明。
建设银行,2025,provisionCoverage,拨备覆盖率,233.15,,,main,,,main_only,,,主表已有值，核验源暂缺；正式报告保留主数据口径说明。
建设银行,2025,cet1,核心一级资本充足率,14.63,,,main,,,main_only,,,主表已有值，核验源暂缺；正式报告保留主数据口径说明。
建设银行,2025,liquidityCoverageRatio,流动性覆盖率,135.47,,,main,,,main_only,,,主表已有值，核验源暂缺；正式报告保留主数据口径说明。
邮储银行,2025,roa,总资产收益率,0.49,,,main,,,main_only,,,主表已有值，核验源暂缺；正式报告保留主数据口径说明。
邮储银行,2025,roe,净资产收益率,8.67,,,main,,,main_only,,,主表已有值，核验源暂缺；正式报告保留主数据口径说明。
邮储银行,2025,costIncomeRatio,成本收入比,62.1,,,main,,,main_only,,,主表已有值，核验源暂缺；正式报告保留主数据口径说明。
邮储银行,2025,nim,净息差,1.66,,,main,,,main_only,,,主表已有值，核验源暂缺；正式报告保留主数据口径说明。
邮储银行,2025,npl,不良贷款率,0.95,,,main,,,main_only,,,主表已有值，核验源暂缺；正式报告保留主数据口径说明。
邮储银行,2025,provisionCoverage,拨备覆盖率,227.94,,,main,,,main_only,,,主表已有值，核验源暂缺；正式报告保留主数据口径说明。
邮储银行,2025,cet1,核心一级资本充足率,10.53,,,main,,,main_only,,,主表已有值，核验源暂缺；正式报告保留主数据口径说明。
邮储银行,2025,liquidityCoverageRatio,流动性覆盖率,302.45,,,main,,,main_only,,,主表已有值，核验源暂缺；正式报告保留主数据口径说明。
中信银行,2025,roa,总资产收益率,0.7271,,0.73,main,special_metrics_long.csv:总资产收益率:p17,,matched,-0.0029,0.003973,主表值与核验源在容忍阈值内，可进入主报告。
中信银行,2025,roe,净资产收益率,9.39,,,main,,,main_only,,,主表已有值，核验源暂缺；正式报告保留主数据口径说明。
中信银行,2025,costIncomeRatio,成本收入比,31.61,,31.61,main,special_metrics_long.csv:成本收入比:p17,,matched,0.0,0.0,主表值与核验源在容忍阈值内，可进入主报告。
中信银行,2025,nim,净息差,1.63,,1.63,main,nim_long.csv:nim_pct:p25,nim_long.csv;special_metrics_long.csv,matched,0.0,0.0,主表值与核验源在容忍阈值内，可进入主报告。
中信银行,2025,npl,不良贷款率,1.15,,1.15,main,special_metrics_long.csv:不良贷款率:p18,special_metrics_long.csv,matched,0.0,0.0,主表值与核验源在容忍阈值内，可进入主报告。
中信银行,2025,provisionCoverage,拨备覆盖率,203.61,,203.61,main,special_metrics_long.csv:拨备覆盖率:p18,special_metrics_long.csv,matched,0.0,0.0,主表值与核验源在容忍阈值内，可进入主报告。
中信银行,2025,cet1,核心一级资本充足率,9.48,,9.48,main,special_metrics_long.csv:核心一级资本充足率:p46,special_metrics_long.csv,matched,0.0,0.0,主表值与核验源在容忍阈值内，可进入主报告。
中信银行,2025,liquidityCoverageRatio,流动性覆盖率,144.22,,144.22,main,special_metrics_long.csv:流动性覆盖率:p109,liquidity_risk_long.csv;special_metrics_long.csv,matched,0.0,0.0,主表值与核验源在容忍阈值内，可进入主报告。
光大银行,2025,roa,总资产收益率,0.5542,,0.55,main,special_metrics_long.csv:总资产收益率:p17,,matched,0.0042,0.007636,主表值与核验源在容忍阈值内，可进入主报告。
光大银行,2025,roe,净资产收益率,7.0,,7.0,main,special_metrics_long.csv:净资产收益率:p17,,matched,0.0,0.0,主表值与核验源在容忍阈值内，可进入主报告。
光大银行,2025,costIncomeRatio,成本收入比,29.13,,29.13,main,special_metrics_long.csv:成本收入比:p17,,matched,0.0,0.0,主表值与核验源在容忍阈值内，可进入主报告。
光大银行,2025,nim,净息差,1.4,,1.4,main,nim_long.csv:nim_pct:p32,nim_long.csv;special_metrics_long.csv,matched,0.0,0.0,主表值与核验源在容忍阈值内，可进入主报告。
光大银行,2025,npl,不良贷款率,1.27,,1.27,main,special_metrics_long.csv:不良贷款率:p17,special_metrics_long.csv,matched,0.0,0.0,主表值与核验源在容忍阈值内，可进入主报告。
光大银行,2025,provisionCoverage,拨备覆盖率,174.14,,174.14,main,special_metrics_long.csv:拨备覆盖率:p17,special_metrics_long.csv,matched,0.0,0.0,主表值与核验源在容忍阈值内，可进入主报告。
光大银行,2025,cet1,核心一级资本充足率,9.69,,9.69,main,special_metrics_long.csv:核心一级资本充足率:p19;20,special_metrics_long.csv,matched,0.0,0.0,主表值与核验源在容忍阈值内，可进入主报告。
光大银行,2025,liquidityCoverageRatio,流动性覆盖率,143.11,,143.11,main,special_metrics_long.csv:流动性覆盖率:p20,liquidity_risk_long.csv;special_metrics_long.csv,matched,0.0,0.0,主表值与核验源在容忍阈值内，可进入主报告。
兴业银行,2025,roa,总资产收益率,0.7208,,0.72,main,special_metrics_long.csv:总资产收益率:p29,,matched,0.0008,0.001111,主表值与核验源在容忍阈值内，可进入主报告。
兴业银行,2025,roe,净资产收益率,9.15,,9.15,main,special_metrics_long.csv:净资产收益率:p29,,matched,0.0,0.0,主表值与核验源在容忍阈值内，可进入主报告。
兴业银行,2025,costIncomeRatio,成本收入比,29.56,,29.56,main,special_metrics_long.csv:成本收入比:p29,,matched,0.0,0.0,主表值与核验源在容忍阈值内，可进入主报告。
兴业银行,2025,nim,净息差,1.71,,1.71,main,nim_long.csv:nim_pct:p79,nim_long.csv;special_metrics_long.csv,matched,0.0,0.0,主表值与核验源在容忍阈值内，可进入主报告。
兴业银行,2025,npl,不良贷款率,1.08,,1.08,main,special_metrics_long.csv:不良贷款率:p32,special_metrics_long.csv,matched,0.0,0.0,主表值与核验源在容忍阈值内，可进入主报告。
兴业银行,2025,provisionCoverage,拨备覆盖率,228.41,,228.41,main,special_metrics_long.csv:拨备覆盖率:p32,special_metrics_long.csv,matched,0.0,0.0,主表值与核验源在容忍阈值内，可进入主报告。
兴业银行,2025,cet1,核心一级资本充足率,9.7,,9.7,main,special_metrics_long.csv:核心一级资本充足率:p30,special_metrics_long.csv,matched,0.0,0.0,主表值与核验源在容忍阈值内，可进入主报告。
兴业银行,2025,liquidityCoverageRatio,流动性覆盖率,174.79,,174.79,main,special_metrics_long.csv:流动性覆盖率:p121,liquidity_risk_long.csv;special_metrics_long.csv,matched,0.0,0.0,主表值与核验源在容忍阈值内，可进入主报告。
华夏银行,2025,roa,总资产收益率,0.609,,0.61,main,special_metrics_long.csv:总资产收益率:p9,,matched,-0.001,0.001639,主表值与核验源在容忍阈值内，可进入主报告。
华夏银行,2025,roe,净资产收益率,8.32,,,main,,,main_only,,,主表已有值，核验源暂缺；正式报告保留主数据口径说明。
华夏银行,2025,costIncomeRatio,成本收入比,30.61,,30.61,main,special_metrics_long.csv:成本收入比(%):p9,,matched,0.0,0.0,主表值与核验源在容忍阈值内，可进入主报告。
华夏银行,2025,nim,净息差,1.56,,1.56,main,nim_long.csv:nim_pct:p9,nim_long.csv;special_metrics_long.csv,matched,0.0,0.0,主表值与核验源在容忍阈值内，可进入主报告。
华夏银行,2025,npl,不良贷款率,1.55,,1.55,main,special_metrics_long.csv:不良贷款率(%):p9,special_metrics_long.csv,matched,0.0,0.0,主表值与核验源在容忍阈值内，可进入主报告。
华夏银行,2025,provisionCoverage,拨备覆盖率,143.3,,143.3,main,special_metrics_long.csv:拨备覆盖率(%):p9,special_metrics_long.csv,matched,0.0,0.0,主表值与核验源在容忍阈值内，可进入主报告。
华夏银行,2025,cet1,核心一级资本充足率,9.38,,9.38,main,special_metrics_long.csv:核心一级资本充足率(%):p10,special_metrics_long.csv,matched,0.0,0.0,主表值与核验源在容忍阈值内，可进入主报告。
华夏银行,2025,liquidityCoverageRatio,流动性覆盖率,154.93,,154.93,main,special_metrics_long.csv:流动性覆盖率(%):p10,liquidity_risk_long.csv;special_metrics_long.csv,matched,0.0,0.0,主表值与核验源在容忍阈值内，可进入主报告。
平安银行,2025,roa,总资产收益率,0.7291,,0.73,main,special_metrics_long.csv:总资产收益率:p17,,matched,-0.0009,0.001233,主表值与核验源在容忍阈值内，可进入主报告。
平安银行,2025,roe,净资产收益率,9.15,,9.15,main,special_metrics_long.csv:加权平均净资产收益率:p17,,matched,0.0,0.0,主表值与核验源在容忍阈值内，可进入主报告。
平安银行,2025,costIncomeRatio,成本收入比,29.06,,29.06,main,special_metrics_long.csv:成本收入比:p17,,matched,0.0,0.0,主表值与核验源在容忍阈值内，可进入主报告。
平安银行,2025,nim,净息差,1.78,,1.73,main,nim_long.csv:nim_pct:p27,nim_long.csv;special_metrics_long.csv,source_conflict_review,0.05,0.028902,主表值与核验源差异超过阈值，需复核单位、符号或合并口径。
平安银行,2025,npl,不良贷款率,1.05,,1.05,main,special_metrics_long.csv:不良贷款率:p17,special_metrics_long.csv,matched,0.0,0.0,主表值与核验源在容忍阈值内，可进入主报告。
平安银行,2025,provisionCoverage,拨备覆盖率,220.88,,220.88,main,special_metrics_long.csv:拨备覆盖率:p17,special_metrics_long.csv,matched,0.0,0.0,主表值与核验源在容忍阈值内，可进入主报告。
平安银行,2025,cet1,核心一级资本充足率,9.36,,9.36,main,special_metrics_long.csv:核心一级资本充足率:p17,special_metrics_long.csv,matched,0.0,0.0,主表值与核验源在容忍阈值内，可进入主报告。
平安银行,2025,liquidityCoverageRatio,流动性覆盖率,132.87,,132.87,main,special_metrics_long.csv:流动性覆盖率:p21,liquidity_risk_long.csv;special_metrics_long.csv,matched,0.0,0.0,主表值与核验源在容忍阈值内，可进入主报告。
招商银行,2025,roa,总资产收益率,1.1983,,1.19,main,special_metrics_long.csv:总资产收益率:p14,,matched,0.0083,0.006975,主表值与核验源在容忍阈值内，可进入主报告。
招商银行,2025,roe,净资产收益率,13.44,,,main,,,main_only,,,主表已有值，核验源暂缺；正式报告保留主数据口径说明。
招商银行,2025,costIncomeRatio,成本收入比,31.98,,31.98,main,special_metrics_long.csv:成本收入比(%):p16,,matched,0.0,0.0,主表值与核验源在容忍阈值内，可进入主报告。
招商银行,2025,nim,净息差,1.87,,1.86,main,nim_long.csv:nim_pct:p23,nim_long.csv;special_metrics_long.csv,matched,0.01,0.005376,主表值与核验源在容忍阈值内，可进入主报告。
招商银行,2025,npl,不良贷款率,0.94,,0.94,main,special_metrics_long.csv:不良贷款率(%):p16,special_metrics_long.csv,matched,0.0,0.0,主表值与核验源在容忍阈值内，可进入主报告。
招商银行,2025,provisionCoverage,拨备覆盖率,391.79,,391.79,main,special_metrics_long.csv:拨备覆盖率(%):p16,special_metrics_long.csv,matched,0.0,0.0,主表值与核验源在容忍阈值内，可进入主报告。
招商银行,2025,cet1,核心一级资本充足率,14.16,,14.16,main,special_metrics_long.csv:核心一级资本充足率(%):p38,special_metrics_long.csv,matched,0.0,0.0,主表值与核验源在容忍阈值内，可进入主报告。
招商银行,2025,liquidityCoverageRatio,流动性覆盖率,175.51,,220.3,main,special_metrics_long.csv:流动性覆盖率(%):p17,liquidity_risk_long.csv;special_metrics_long.csv,source_conflict_review,-44.79,0.203314,主表值与核验源差异超过阈值，需复核单位、符号或合并口径。
民生银行,2025,roa,总资产收益率,0.3909,,0.39,main,special_metrics_long.csv:总资产收益率:p13,,matched,0.0009,0.002308,主表值与核验源在容忍阈值内，可进入主报告。
民生银行,2025,roe,净资产收益率,4.93,,4.93,main,special_metrics_long.csv:净资产收益率:p13,,matched,0.0,0.0,主表值与核验源在容忍阈值内，可进入主报告。
民生银行,2025,costIncomeRatio,成本收入比,35.7,,35.7,main,special_metrics_long.csv:成本收入比:p13,,matched,0.0,0.0,主表值与核验源在容忍阈值内，可进入主报告。
民生银行,2025,nim,净息差,1.4,,1.4,main,nim_long.csv:nim_pct:p29,nim_long.csv;special_metrics_long.csv,matched,0.0,0.0,主表值与核验源在容忍阈值内，可进入主报告。
民生银行,2025,npl,不良贷款率,1.49,,1.49,main,special_metrics_long.csv:不良贷款率:p14,special_metrics_long.csv,matched,0.0,0.0,主表值与核验源在容忍阈值内，可进入主报告。
民生银行,2025,provisionCoverage,拨备覆盖率,142.04,,142.04,main,special_metrics_long.csv:拨备覆盖率:p14,special_metrics_long.csv,matched,0.0,0.0,主表值与核验源在容忍阈值内，可进入主报告。
民生银行,2025,cet1,核心一级资本充足率,9.38,,9.38,main,special_metrics_long.csv:核心一级资本充足率:p14,special_metrics_long.csv,matched,0.0,0.0,主表值与核验源在容忍阈值内，可进入主报告。
民生银行,2025,liquidityCoverageRatio,流动性覆盖率,135.6,,135.6,main,special_metrics_long.csv:流动性覆盖率:p16,liquidity_risk_long.csv;special_metrics_long.csv,matched,0.0,0.0,主表值与核验源在容忍阈值内，可进入主报告。
浙商银行,2025,roa,总资产收益率,0.3985,,0.4,main,special_metrics_long.csv:总资产收益率:p22,,matched,-0.0015,0.00375,主表值与核验源在容忍阈值内，可进入主报告。
浙商银行,2025,roe,净资产收益率,6.8,,,main,,,main_only,,,主表已有值，核验源暂缺；正式报告保留主数据口径说明。
浙商银行,2025,costIncomeRatio,成本收入比,32.09,,,main,,,main_only,,,主表已有值，核验源暂缺；正式报告保留主数据口径说明。
浙商银行,2025,nim,净息差,1.6,,1.6,main,nim_long.csv:nim_pct:p29,nim_long.csv;special_metrics_long.csv,matched,0.0,0.0,主表值与核验源在容忍阈值内，可进入主报告。
浙商银行,2025,npl,不良贷款率,1.36,,,main,,special_metrics_long.csv,scraped_pending_fieldization,,,主表已有值，年报有相关明细但暂未稳定映射到该字段。
浙商银行,2025,provisionCoverage,拨备覆盖率,155.37,,,main,,special_metrics_long.csv,scraped_pending_fieldization,,,主表已有值，年报有相关明细但暂未稳定映射到该字段。
浙商银行,2025,cet1,核心一级资本充足率,8.4,,,main,,special_metrics_long.csv,scraped_pending_fieldization,,,主表已有值，年报有相关明细但暂未稳定映射到该字段。
浙商银行,2025,liquidityCoverageRatio,流动性覆盖率,174.01,,179.52,main,special_metrics_long.csv:流动性覆盖率(%):p54,liquidity_risk_long.csv;special_metrics_long.csv,source_conflict_review,-5.51,0.030693,主表值与核验源差异超过阈值，需复核单位、符号或合并口径。
浦发银行,2025,roa,总资产收益率,0.5158,,0.52,main,special_metrics_long.csv:总资产收益率:p28,,matched,-0.0042,0.008077,主表值与核验源在容忍阈值内，可进入主报告。
浦发银行,2025,roe,净资产收益率,6.76,,6.76,main,special_metrics_long.csv:净资产收益率:p28,,matched,0.0,0.0,主表值与核验源在容忍阈值内，可进入主报告。
浦发银行,2025,costIncomeRatio,成本收入比,28.5,,28.5,main,special_metrics_long.csv:成本收入比:p28,,matched,0.0,0.0,主表值与核验源在容忍阈值内，可进入主报告。
浦发银行,2025,nim,净息差,1.42,,1.42,main,nim_long.csv:nim_pct:p28,nim_long.csv;special_metrics_long.csv,matched,0.0,0.0,主表值与核验源在容忍阈值内，可进入主报告。
浦发银行,2025,npl,不良贷款率,1.26,,1.26,main,special_metrics_long.csv:不良贷款率:p28,special_metrics_long.csv,matched,0.0,0.0,主表值与核验源在容忍阈值内，可进入主报告。
浦发银行,2025,provisionCoverage,拨备覆盖率,200.72,,200.72,main,special_metrics_long.csv:拨备覆盖率:p28,special_metrics_long.csv,matched,0.0,0.0,主表值与核验源在容忍阈值内，可进入主报告。
浦发银行,2025,cet1,核心一级资本充足率,8.99,,8.99,main,special_metrics_long.csv:核心一级资本充足率:p86,special_metrics_long.csv,matched,0.0,0.0,主表值与核验源在容忍阈值内，可进入主报告。
浦发银行,2025,liquidityCoverageRatio,流动性覆盖率,140.92,,140.92,main,special_metrics_long.csv:流动性覆盖率:p87,liquidity_risk_long.csv;special_metrics_long.csv,matched,0.0,0.0,主表值与核验源在容忍阈值内，可进入主报告。
渤海银行,2025,roa,总资产收益率,0.291,,,main,,,main_only,,,主表已有值，核验源暂缺；正式报告保留主数据口径说明。
渤海银行,2025,roe,净资产收益率,5.2,,5.2,main,special_metrics_long.csv:加权平均净资产收益率:p11,,matched,0.0,0.0,主表值与核验源在容忍阈值内，可进入主报告。
渤海银行,2025,costIncomeRatio,成本收入比,38.01,,38.01,main,special_metrics_long.csv:成本收入比:p12,,matched,0.0,0.0,主表值与核验源在容忍阈值内，可进入主报告。
渤海银行,2025,nim,净息差,1.37,,1.37,main,nim_long.csv:nim_pct:p12,nim_long.csv;special_metrics_long.csv,matched,0.0,0.0,主表值与核验源在容忍阈值内，可进入主报告。
渤海银行,2025,npl,不良贷款率,1.66,,1.66,main,special_metrics_long.csv:不良贷款率:p12,special_metrics_long.csv,matched,0.0,0.0,主表值与核验源在容忍阈值内，可进入主报告。
渤海银行,2025,provisionCoverage,拨备覆盖率,162.16,,162.16,main,special_metrics_long.csv:拨备覆盖率:p12,special_metrics_long.csv,matched,0.0,0.0,主表值与核验源在容忍阈值内，可进入主报告。
渤海银行,2025,cet1,核心一级资本充足率,8.4,,8.4,main,special_metrics_long.csv:核心一级资本充足率:p12,special_metrics_long.csv,matched,0.0,0.0,主表值与核验源在容忍阈值内，可进入主报告。
渤海银行,2025,liquidityCoverageRatio,流动性覆盖率,156.73,,,main,,liquidity_risk_long.csv;special_metrics_long.csv,scraped_pending_fieldization,,,主表已有值，年报有相关明细但暂未稳定映射到该字段。
上海,2025,roa,总资产收益率,0.7397,,0.74,main,special_metrics_long.csv:总资产收益率:p17,,matched,-0.0003,0.000405,主表值与核验源在容忍阈值内，可进入主报告。
上海,2025,roe,净资产收益率,9.69,,9.69,main,special_metrics_long.csv:加权平均净资产收益率:p17,,matched,0.0,0.0,主表值与核验源在容忍阈值内，可进入主报告。
上海,2025,costIncomeRatio,成本收入比,23.31,,23.31,main,special_metrics_long.csv:成本收入比:p17,,matched,0.0,0.0,主表值与核验源在容忍阈值内，可进入主报告。
上海,2025,nim,净息差,1.16,,1.16,main,nim_long.csv:nim_pct:p48,nim_long.csv;special_metrics_long.csv,matched,0.0,0.0,主表值与核验源在容忍阈值内，可进入主报告。
上海,2025,npl,不良贷款率,1.18,,1.18,main,special_metrics_long.csv:不良贷款率:p17,special_metrics_long.csv,matched,0.0,0.0,主表值与核验源在容忍阈值内，可进入主报告。
上海,2025,provisionCoverage,拨备覆盖率,244.94,,244.94,main,special_metrics_long.csv:拨备覆盖率:p17,special_metrics_long.csv,matched,0.0,0.0,主表值与核验源在容忍阈值内，可进入主报告。
上海,2025,cet1,核心一级资本充足率,10.65,,10.65,main,special_metrics_long.csv:核心一级资本充足率:p18,special_metrics_long.csv,matched,0.0,0.0,主表值与核验源在容忍阈值内，可进入主报告。
上海,2025,liquidityCoverageRatio,流动性覆盖率,156.45,,156.45,main,special_metrics_long.csv:流动性覆盖率:p19,liquidity_risk_long.csv;special_metrics_long.csv,matched,0.0,0.0,主表值与核验源在容忍阈值内，可进入主报告。
中原,2025,roa,总资产收益率,0.2574,,0.26,main,special_metrics_long.csv:总资产收益率:p8,,matched,-0.0026,0.01,主表值与核验源在容忍阈值内，可进入主报告。
中原,2025,roe,净资产收益率,,,,,,,missing,,,三源均未形成可核验值，不能进入强结论。
中原,2025,costIncomeRatio,成本收入比,38.34,,38.34,main,special_metrics_long.csv:成本收入比:p8,,matched,0.0,0.0,主表值与核验源在容忍阈值内，可进入主报告。
中原,2025,nim,净息差,1.68,,1.68,main,nim_long.csv:nim_pct:p21,nim_long.csv;special_metrics_long.csv,matched,0.0,0.0,主表值与核验源在容忍阈值内，可进入主报告。
中原,2025,npl,不良贷款率,1.96,,1.96,main,special_metrics_long.csv:不良贷款率:p9,special_metrics_long.csv,matched,0.0,0.0,主表值与核验源在容忍阈值内，可进入主报告。
中原,2025,provisionCoverage,拨备覆盖率,165.75,,165.75,main,special_metrics_long.csv:拨备覆盖率:p9,special_metrics_long.csv,matched,0.0,0.0,主表值与核验源在容忍阈值内，可进入主报告。
中原,2025,cet1,核心一级资本充足率,8.89,,8.89,main,special_metrics_long.csv:核心一级资本充足率:p9,special_metrics_long.csv,matched,0.0,0.0,主表值与核验源在容忍阈值内，可进入主报告。
中原,2025,liquidityCoverageRatio,流动性覆盖率,391.29,,391.29,main,special_metrics_long.csv:流动性覆盖率:p288,liquidity_risk_long.csv;special_metrics_long.csv,matched,0.0,0.0,主表值与核验源在容忍阈值内，可进入主报告。
九江,2025,roa,总资产收益率,0.1618,,,main,,,main_only,,,主表已有值，核验源暂缺；正式报告保留主数据口径说明。
九江,2025,roe,净资产收益率,,,1.4,annual_report_scraped,special_metrics_long.csv:加权平均净资产收益率:p8,,filled_from_validation,,,主表缺值，核验源已有值；可作为补充值但需保留来源。
九江,2025,costIncomeRatio,成本收入比,34.14,,34.14,main,special_metrics_long.csv:成本收入比:p8,,matched,0.0,0.0,主表值与核验源在容忍阈值内，可进入主报告。
九江,2025,nim,净息差,1.75,,1.75,main,nim_long.csv:nim_pct:p16,nim_long.csv;special_metrics_long.csv,matched,0.0,0.0,主表值与核验源在容忍阈值内，可进入主报告。
九江,2025,npl,不良贷款率,1.93,,1.93,main,special_metrics_long.csv:不良贷款率:p8,special_metrics_long.csv,matched,0.0,0.0,主表值与核验源在容忍阈值内，可进入主报告。
九江,2025,provisionCoverage,拨备覆盖率,152.21,,152.21,main,special_metrics_long.csv:拨备覆盖率:p9,special_metrics_long.csv,matched,0.0,0.0,主表值与核验源在容忍阈值内，可进入主报告。
九江,2025,cet1,核心一级资本充足率,8.87,,8.87,main,special_metrics_long.csv:核心一级资本充足率:p8,special_metrics_long.csv,matched,0.0,0.0,主表值与核验源在容忍阈值内，可进入主报告。
九江,2025,liquidityCoverageRatio,流动性覆盖率,388.1,,388.1,main,special_metrics_long.csv:流动性覆盖率:p9,liquidity_risk_long.csv;special_metrics_long.csv,matched,0.0,0.0,主表值与核验源在容忍阈值内，可进入主报告。
兰州,2025,roa,总资产收益率,0.376,,0.38,main,special_metrics_long.csv:总资产收益率:p18,,matched,-0.004,0.010526,主表值与核验源在容忍阈值内，可进入主报告。
兰州,2025,roe,净资产收益率,5.36,,,main,,,main_only,,,主表已有值，核验源暂缺；正式报告保留主数据口径说明。
兰州,2025,costIncomeRatio,成本收入比,31.89,,31.89,main,special_metrics_long.csv:成本收入比:p18,,matched,0.0,0.0,主表值与核验源在容忍阈值内，可进入主报告。
兰州,2025,nim,净息差,1.37,,1.37,main,nim_long.csv:nim_pct:p34,nim_long.csv;special_metrics_long.csv,matched,0.0,0.0,主表值与核验源在容忍阈值内，可进入主报告。
兰州,2025,npl,不良贷款率,1.82,,1.82,main,special_metrics_long.csv:不良贷款率:p18,special_metrics_long.csv,matched,0.0,0.0,主表值与核验源在容忍阈值内，可进入主报告。
兰州,2025,provisionCoverage,拨备覆盖率,198.38,,198.38,main,special_metrics_long.csv:拨备覆盖率:p18,special_metrics_long.csv,matched,0.0,0.0,主表值与核验源在容忍阈值内，可进入主报告。
兰州,2025,cet1,核心一级资本充足率,8.21,,8.21,main,special_metrics_long.csv:核心一级资本充足率:p19,special_metrics_long.csv,matched,0.0,0.0,主表值与核验源在容忍阈值内，可进入主报告。
兰州,2025,liquidityCoverageRatio,流动性覆盖率,180.39,,180.39,main,special_metrics_long.csv:流动性覆盖率:p18,liquidity_risk_long.csv;special_metrics_long.csv,matched,0.0,0.0,主表值与核验源在容忍阈值内，可进入主报告。
北京,2025,roa,总资产收益率,0.4395,,0.44,main,special_metrics_long.csv:总资产收益率:p28,,matched,-0.0005,0.001136,主表值与核验源在容忍阈值内，可进入主报告。
北京,2025,roe,净资产收益率,6.11,,6.11,main,special_metrics_long.csv:加权平均净资产收益率:p28,,matched,0.0,0.0,主表值与核验源在容忍阈值内，可进入主报告。
北京,2025,costIncomeRatio,成本收入比,30.9,,30.9,main,special_metrics_long.csv:成本收入比:p28,,matched,0.0,0.0,主表值与核验源在容忍阈值内，可进入主报告。
北京,2025,nim,净息差,1.27,,1.27,main,nim_long.csv:nim_pct:p64,nim_long.csv;special_metrics_long.csv,matched,0.0,0.0,主表值与核验源在容忍阈值内，可进入主报告。
北京,2025,npl,不良贷款率,1.29,,1.29,main,special_metrics_long.csv:不良贷款率:p29,special_metrics_long.csv,matched,0.0,0.0,主表值与核验源在容忍阈值内，可进入主报告。
北京,2025,provisionCoverage,拨备覆盖率,200.21,,200.21,main,special_metrics_long.csv:拨备覆盖率:p29,special_metrics_long.csv,matched,0.0,0.0,主表值与核验源在容忍阈值内，可进入主报告。
北京,2025,cet1,核心一级资本充足率,8.37,,8.37,main,special_metrics_long.csv:核心一级资本充足率:p31,special_metrics_long.csv,matched,0.0,0.0,主表值与核验源在容忍阈值内，可进入主报告。
北京,2025,liquidityCoverageRatio,流动性覆盖率,170.99,,170.99,main,special_metrics_long.csv:流动性覆盖率:p29,liquidity_risk_long.csv;special_metrics_long.csv,matched,0.0,0.0,主表值与核验源在容忍阈值内，可进入主报告。
南京,2025,roa,总资产收益率,0.7859,,0.78,main,special_metrics_long.csv:总资产收益率:p16,,matched,0.0059,0.007564,主表值与核验源在容忍阈值内，可进入主报告。
南京,2025,roe,净资产收益率,12.05,,12.05,main,special_metrics_long.csv:加权平均净资产收益率:p17,,matched,0.0,0.0,主表值与核验源在容忍阈值内，可进入主报告。
南京,2025,costIncomeRatio,成本收入比,26.07,,26.07,main,special_metrics_long.csv:成本收入比:p16,,matched,0.0,0.0,主表值与核验源在容忍阈值内，可进入主报告。
南京,2025,nim,净息差,1.82,,1.82,main,nim_long.csv:nim_pct:p16,nim_long.csv;special_metrics_long.csv,matched,0.0,0.0,主表值与核验源在容忍阈值内，可进入主报告。
南京,2025,npl,不良贷款率,0.83,,0.83,main,special_metrics_long.csv:不良贷款率:p16,special_metrics_long.csv,matched,0.0,0.0,主表值与核验源在容忍阈值内，可进入主报告。
南京,2025,provisionCoverage,拨备覆盖率,313.62,,313.62,main,special_metrics_long.csv:拨备覆盖率:p16,special_metrics_long.csv,matched,0.0,0.0,主表值与核验源在容忍阈值内，可进入主报告。
南京,2025,cet1,核心一级资本充足率,9.35,,9.35,main,special_metrics_long.csv:核心一级资本充足率:p16,special_metrics_long.csv,matched,0.0,0.0,主表值与核验源在容忍阈值内，可进入主报告。
南京,2025,liquidityCoverageRatio,流动性覆盖率,171.18,,171.18,main,special_metrics_long.csv:流动性覆盖率:p39,liquidity_risk_long.csv;special_metrics_long.csv,matched,0.0,0.0,主表值与核验源在容忍阈值内，可进入主报告。
厦门,2025,roa,总资产收益率,0.6393,,0.64,main,special_metrics_long.csv:总资产收益率:p13,,matched,-0.0007,0.001094,主表值与核验源在容忍阈值内，可进入主报告。
厦门,2025,roe,净资产收益率,9.05,,9.05,main,special_metrics_long.csv:加权平均净资产收益率:p13,,matched,0.0,0.0,主表值与核验源在容忍阈值内，可进入主报告。
厦门,2025,costIncomeRatio,成本收入比,38.69,,38.69,main,special_metrics_long.csv:成本收入比:p14,,matched,0.0,0.0,主表值与核验源在容忍阈值内，可进入主报告。
厦门,2025,nim,净息差,1.09,,1.09,main,nim_long.csv:nim_pct:p31-32,nim_long.csv;special_metrics_long.csv,matched,0.0,0.0,主表值与核验源在容忍阈值内，可进入主报告。
厦门,2025,npl,不良贷款率,0.77,,0.77,main,special_metrics_long.csv:不良贷款率:p13,special_metrics_long.csv,matched,0.0,0.0,主表值与核验源在容忍阈值内，可进入主报告。
厦门,2025,provisionCoverage,拨备覆盖率,312.71,,312.71,main,special_metrics_long.csv:拨备覆盖率:p13,special_metrics_long.csv,matched,0.0,0.0,主表值与核验源在容忍阈值内，可进入主报告。
厦门,2025,cet1,核心一级资本充足率,8.58,,8.58,main,special_metrics_long.csv:核心一级资本充足率:p15,special_metrics_long.csv,matched,0.0,0.0,主表值与核验源在容忍阈值内，可进入主报告。
厦门,2025,liquidityCoverageRatio,流动性覆盖率,183.71,,183.71,main,special_metrics_long.csv:流动性覆盖率:p16,liquidity_risk_long.csv;special_metrics_long.csv,matched,0.0,0.0,主表值与核验源在容忍阈值内，可进入主报告。
哈尔滨,2025,roa,总资产收益率,0.1307,,0.13,main,special_metrics_long.csv:总资产收益率:p10,,matched,0.0007,0.005385,主表值与核验源在容忍阈值内，可进入主报告。
哈尔滨,2025,roe,净资产收益率,1.13,,,main,,,main_only,,,主表已有值，核验源暂缺；正式报告保留主数据口径说明。
哈尔滨,2025,costIncomeRatio,成本收入比,35.59,,35.59,main,special_metrics_long.csv:成本收入比(%):p10,,matched,0.0,0.0,主表值与核验源在容忍阈值内，可进入主报告。
哈尔滨,2025,nim,净息差,1.2,,1.2,main,nim_long.csv:nim_pct:p26,nim_long.csv;special_metrics_long.csv,matched,0.0,0.0,主表值与核验源在容忍阈值内，可进入主报告。
哈尔滨,2025,npl,不良贷款率,2.8,,,main,,special_metrics_long.csv,scraped_pending_fieldization,,,主表已有值，年报有相关明细但暂未稳定映射到该字段。
哈尔滨,2025,provisionCoverage,拨备覆盖率,198.26,,,main,,special_metrics_long.csv,scraped_pending_fieldization,,,主表已有值，年报有相关明细但暂未稳定映射到该字段。
哈尔滨,2025,cet1,核心一级资本充足率,8.48,,,main,,special_metrics_long.csv,scraped_pending_fieldization,,,主表已有值，年报有相关明细但暂未稳定映射到该字段。
哈尔滨,2025,liquidityCoverageRatio,流动性覆盖率,264.21,,,main,,liquidity_risk_long.csv;special_metrics_long.csv,scraped_pending_fieldization,,,主表已有值，年报有相关明细但暂未稳定映射到该字段。
天津,2025,roa,总资产收益率,0.4117,,0.41,main,special_metrics_long.csv:总资产收益率:p25,,matched,0.0017,0.004146,主表值与核验源在容忍阈值内，可进入主报告。
天津,2025,roe,净资产收益率,5.59,,,main,,,main_only,,,主表已有值，核验源暂缺；正式报告保留主数据口径说明。
天津,2025,costIncomeRatio,成本收入比,27.66,,,main,,,main_only,,,主表已有值，核验源暂缺；正式报告保留主数据口径说明。
天津,2025,nim,净息差,1.53,,1.53,main,nim_long.csv:nim_pct:p41,nim_long.csv;special_metrics_long.csv,matched,0.0,0.0,主表值与核验源在容忍阈值内，可进入主报告。
天津,2025,npl,不良贷款率,1.68,,,main,,special_metrics_long.csv,scraped_pending_fieldization,,,主表已有值，年报有相关明细但暂未稳定映射到该字段。
天津,2025,provisionCoverage,拨备覆盖率,171.56,,,main,,special_metrics_long.csv,scraped_pending_fieldization,,,主表已有值，年报有相关明细但暂未稳定映射到该字段。
天津,2025,cet1,核心一级资本充足率,9.08,,,main,,special_metrics_long.csv,scraped_pending_fieldization,,,主表已有值，年报有相关明细但暂未稳定映射到该字段。
天津,2025,liquidityCoverageRatio,流动性覆盖率,241.13,,,main,,liquidity_risk_long.csv;special_metrics_long.csv,scraped_pending_fieldization,,,主表已有值，年报有相关明细但暂未稳定映射到该字段。
威海,2025,roa,总资产收益率,0.5293,,,main,,,main_only,,,主表已有值，核验源暂缺；正式报告保留主数据口径说明。
威海,2025,roe,净资产收益率,,,8.5,annual_report_scraped,special_metrics_long.csv:加权平均净资产收益率:p9,,filled_from_validation,,,主表缺值，核验源已有值；可作为补充值但需保留来源。
威海,2025,costIncomeRatio,成本收入比,22.84,,22.84,main,special_metrics_long.csv:成本收入比:p9,,matched,0.0,0.0,主表值与核验源在容忍阈值内，可进入主报告。
威海,2025,nim,净息差,1.68,,1.68,main,nim_long.csv:nim_pct:p9,nim_long.csv;special_metrics_long.csv,matched,0.0,0.0,主表值与核验源在容忍阈值内，可进入主报告。
威海,2025,npl,不良贷款率,1.41,,1.41,main,special_metrics_long.csv:不良贷款率:p8,special_metrics_long.csv,matched,0.0,0.0,主表值与核验源在容忍阈值内，可进入主报告。
威海,2025,provisionCoverage,拨备覆盖率,160.14,,160.14,main,special_metrics_long.csv:拨备覆盖率:p9,special_metrics_long.csv,matched,0.0,0.0,主表值与核验源在容忍阈值内，可进入主报告。
威海,2025,cet1,核心一级资本充足率,8.84,,8.84,main,special_metrics_long.csv:核心一级资本充足率:p57,special_metrics_long.csv,matched,0.0,0.0,主表值与核验源在容忍阈值内，可进入主报告。
威海,2025,liquidityCoverageRatio,流动性覆盖率,299.33,,,main,,liquidity_risk_long.csv;special_metrics_long.csv,scraped_pending_fieldization,,,主表已有值，年报有相关明细但暂未稳定映射到该字段。
宁波,2025,roa,总资产收益率,0.8744,,0.87,main,special_metrics_long.csv:总资产收益率:p10,,matched,0.0044,0.005057,主表值与核验源在容忍阈值内，可进入主报告。
宁波,2025,roe,净资产收益率,13.11,,13.11,main,special_metrics_long.csv:加权平均净资产收益率:p236,,matched,0.0,0.0,主表值与核验源在容忍阈值内，可进入主报告。
宁波,2025,costIncomeRatio,成本收入比,32.72,,32.72,main,special_metrics_long.csv:成本收入比:p10,,matched,0.0,0.0,主表值与核验源在容忍阈值内，可进入主报告。
宁波,2025,nim,净息差,1.74,,1.74,main,nim_long.csv:nim_pct:p19,nim_long.csv;special_metrics_long.csv,matched,0.0,0.0,主表值与核验源在容忍阈值内，可进入主报告。
宁波,2025,npl,不良贷款率,0.76,,0.76,main,special_metrics_long.csv:不良贷款率:p10,special_metrics_long.csv,matched,0.0,0.0,主表值与核验源在容忍阈值内，可进入主报告。
宁波,2025,provisionCoverage,拨备覆盖率,373.16,,373.16,main,special_metrics_long.csv:拨备覆盖率:p10,special_metrics_long.csv,matched,0.0,0.0,主表值与核验源在容忍阈值内，可进入主报告。
宁波,2025,cet1,核心一级资本充足率,9.34,,9.34,main,special_metrics_long.csv:核心一级资本充足率:p10,special_metrics_long.csv,matched,0.0,0.0,主表值与核验源在容忍阈值内，可进入主报告。
宁波,2025,liquidityCoverageRatio,流动性覆盖率,144.79,,144.79,main,special_metrics_long.csv:流动性覆盖率:p10,liquidity_risk_long.csv;special_metrics_long.csv,matched,0.0,0.0,主表值与核验源在容忍阈值内，可进入主报告。
宜宾市,2025,roa,总资产收益率,,,0.48,annual_report_scraped,special_metrics_long.csv:总资产收益率:p16,,filled_from_validation,,,主表缺值，核验源已有值；可作为补充值但需保留来源。
宜宾市,2025,roe,净资产收益率,,,5.2,annual_report_scraped,special_metrics_long.csv:加权平均净资产收益率:p16,,filled_from_validation,,,主表缺值，核验源已有值；可作为补充值但需保留来源。
宜宾市,2025,costIncomeRatio,成本收入比,30.85,,30.85,main,special_metrics_long.csv:成本收入比:p16,,matched,0.0,0.0,主表值与核验源在容忍阈值内，可进入主报告。
宜宾市,2025,nim,净息差,1.85,,1.85,main,nim_long.csv:nim_pct:p22,nim_long.csv;special_metrics_long.csv,matched,0.0,0.0,主表值与核验源在容忍阈值内，可进入主报告。
宜宾市,2025,npl,不良贷款率,1.65,,1.65,main,special_metrics_long.csv:不良贷款率:p16,special_metrics_long.csv,matched,0.0,0.0,主表值与核验源在容忍阈值内，可进入主报告。
宜宾市,2025,provisionCoverage,拨备覆盖率,273.36,,273.36,main,special_metrics_long.csv:拨备覆盖率:p16,special_metrics_long.csv,matched,0.0,0.0,主表值与核验源在容忍阈值内，可进入主报告。
宜宾市,2025,cet1,核心一级资本充足率,12.71,,12.71,main,special_metrics_long.csv:核心一级资本充足率:p16,special_metrics_long.csv,matched,0.0,0.0,主表值与核验源在容忍阈值内，可进入主报告。
宜宾市,2025,liquidityCoverageRatio,流动性覆盖率,,,,,,liquidity_risk_long.csv;special_metrics_long.csv,missing,,,三源均未形成可核验值，不能进入强结论。
徽商,2025,roa,总资产收益率,0.7801,,0.78,main,special_metrics_long.csv:总资产收益率:p15,,matched,0.0001,0.000128,主表值与核验源在容忍阈值内，可进入主报告。
徽商,2025,roe,净资产收益率,,,,,,,missing,,,三源均未形成可核验值，不能进入强结论。
徽商,2025,costIncomeRatio,成本收入比,29.07,,,main,,,main_only,,,主表已有值，核验源暂缺；正式报告保留主数据口径说明。
徽商,2025,nim,净息差,1.49,,1.49,main,nim_long.csv:nim_pct:p24,nim_long.csv;special_metrics_long.csv,matched,0.0,0.0,主表值与核验源在容忍阈值内，可进入主报告。
徽商,2025,npl,不良贷款率,0.98,,0.98,main,special_metrics_long.csv:不良贷款率:p15,special_metrics_long.csv,matched,0.0,0.0,主表值与核验源在容忍阈值内，可进入主报告。
徽商,2025,provisionCoverage,拨备覆盖率,278.79,,278.79,main,special_metrics_long.csv:拨备覆盖率:p15,special_metrics_long.csv,matched,0.0,0.0,主表值与核验源在容忍阈值内，可进入主报告。
徽商,2025,cet1,核心一级资本充足率,9.89,,9.89,main,special_metrics_long.csv:核心一级资本充足率:p15,special_metrics_long.csv,matched,0.0,0.0,主表值与核验源在容忍阈值内，可进入主报告。
徽商,2025,liquidityCoverageRatio,流动性覆盖率,291.47,,291.47,main,special_metrics_long.csv:流动性覆盖率:p60,liquidity_risk_long.csv;special_metrics_long.csv,matched,0.0,0.0,主表值与核验源在容忍阈值内，可进入主报告。
成都,2025,roa,总资产收益率,1.0031,,,main,,,main_only,,,主表已有值，核验源暂缺；正式报告保留主数据口径说明。
成都,2025,roe,净资产收益率,15.39,,,main,,,main_only,,,主表已有值，核验源暂缺；正式报告保留主数据口径说明。
成都,2025,costIncomeRatio,成本收入比,23.73,,,main,,,main_only,,,主表已有值，核验源暂缺；正式报告保留主数据口径说明。
成都,2025,nim,净息差,1.59,,,main,,nim_long.csv;special_metrics_long.csv,scraped_pending_fieldization,,,主表已有值，年报有相关明细但暂未稳定映射到该字段。
成都,2025,npl,不良贷款率,0.68,,,main,,special_metrics_long.csv,scraped_pending_fieldization,,,主表已有值，年报有相关明细但暂未稳定映射到该字段。
成都,2025,provisionCoverage,拨备覆盖率,426.17,,,main,,special_metrics_long.csv,scraped_pending_fieldization,,,主表已有值，年报有相关明细但暂未稳定映射到该字段。
成都,2025,cet1,核心一级资本充足率,8.91,,,main,,special_metrics_long.csv,scraped_pending_fieldization,,,主表已有值，年报有相关明细但暂未稳定映射到该字段。
成都,2025,liquidityCoverageRatio,流动性覆盖率,164.74,,,main,,liquidity_risk_long.csv;special_metrics_long.csv,scraped_pending_fieldization,,,主表已有值，年报有相关明细但暂未稳定映射到该字段。
晋商,2025,roa,总资产收益率,0.4324,,,main,,,main_only,,,主表已有值，核验源暂缺；正式报告保留主数据口径说明。
晋商,2025,roe,净资产收益率,6.06,,,main,,,main_only,,,主表已有值，核验源暂缺；正式报告保留主数据口径说明。
晋商,2025,costIncomeRatio,成本收入比,38.11,,,main,,,main_only,,,主表已有值，核验源暂缺；正式报告保留主数据口径说明。
晋商,2025,nim,净息差,1.07,,,main,,,main_only,,,主表已有值，核验源暂缺；正式报告保留主数据口径说明。
晋商,2025,npl,不良贷款率,1.95,,,main,,,main_only,,,主表已有值，核验源暂缺；正式报告保留主数据口径说明。
晋商,2025,provisionCoverage,拨备覆盖率,191.0,,,main,,,main_only,,,主表已有值，核验源暂缺；正式报告保留主数据口径说明。
晋商,2025,cet1,核心一级资本充足率,10.46,,,main,,,main_only,,,主表已有值，核验源暂缺；正式报告保留主数据口径说明。
晋商,2025,liquidityCoverageRatio,流动性覆盖率,178.84,,,main,,,main_only,,,主表已有值，核验源暂缺；正式报告保留主数据口径说明。
杭州,2025,roa,总资产收益率,0.8504,,0.85,main,special_metrics_long.csv:总资产收益率:p14,,matched,0.0004,0.000471,主表值与核验源在容忍阈值内，可进入主报告。
杭州,2025,roe,净资产收益率,14.65,,14.65,main,special_metrics_long.csv:净资产收益率:p14,,matched,0.0,0.0,主表值与核验源在容忍阈值内，可进入主报告。
杭州,2025,costIncomeRatio,成本收入比,30.03,,30.03,main,special_metrics_long.csv:成本收入比(%):p14,,matched,0.0,0.0,主表值与核验源在容忍阈值内，可进入主报告。
杭州,2025,nim,净息差,1.36,,1.36,main,nim_long.csv:nim_pct:p19,nim_long.csv;special_metrics_long.csv,matched,0.0,0.0,主表值与核验源在容忍阈值内，可进入主报告。
杭州,2025,npl,不良贷款率,0.76,,0.76,main,special_metrics_long.csv:不良贷款率(%):p15,special_metrics_long.csv,matched,0.0,0.0,主表值与核验源在容忍阈值内，可进入主报告。
杭州,2025,provisionCoverage,拨备覆盖率,502.24,,502.24,main,special_metrics_long.csv:拨备覆盖率(%):p15,special_metrics_long.csv,matched,0.0,0.0,主表值与核验源在容忍阈值内，可进入主报告。
杭州,2025,cet1,核心一级资本充足率,9.59,,9.59,main,special_metrics_long.csv:核心一级资本充足率(%):p15,special_metrics_long.csv,matched,0.0,0.0,主表值与核验源在容忍阈值内，可进入主报告。
杭州,2025,liquidityCoverageRatio,流动性覆盖率,223.09,,223.09,main,special_metrics_long.csv:流动性覆盖率(%):p15,liquidity_risk_long.csv;special_metrics_long.csv,matched,0.0,0.0,主表值与核验源在容忍阈值内，可进入主报告。
江苏,2025,roa,总资产收益率,0.8169,,0.82,main,special_metrics_long.csv:总资产收益率:p17,,matched,-0.0031,0.00378,主表值与核验源在容忍阈值内，可进入主报告。
江苏,2025,roe,净资产收益率,13.14,,13.14,main,special_metrics_long.csv:净资产收益率:p17,,matched,0.0,0.0,主表值与核验源在容忍阈值内，可进入主报告。
江苏,2025,costIncomeRatio,成本收入比,26.67,,26.67,main,special_metrics_long.csv:成本收入比(%):p17,,matched,0.0,0.0,主表值与核验源在容忍阈值内，可进入主报告。
江苏,2025,nim,净息差,1.73,,1.73,main,nim_long.csv:nim_pct:p23,nim_long.csv;special_metrics_long.csv,matched,0.0,0.0,主表值与核验源在容忍阈值内，可进入主报告。
江苏,2025,npl,不良贷款率,0.84,,0.84,main,special_metrics_long.csv:不良贷款率(%):p19,special_metrics_long.csv,matched,0.0,0.0,主表值与核验源在容忍阈值内，可进入主报告。
江苏,2025,provisionCoverage,拨备覆盖率,322.98,,322.98,main,special_metrics_long.csv:拨备覆盖率(%):p19,special_metrics_long.csv,matched,0.0,0.0,主表值与核验源在容忍阈值内，可进入主报告。
江苏,2025,cet1,核心一级资本充足率,8.93,,8.93,main,special_metrics_long.csv:核心一级资本充足率(%):p19,special_metrics_long.csv,matched,0.0,0.0,主表值与核验源在容忍阈值内，可进入主报告。
江苏,2025,liquidityCoverageRatio,流动性覆盖率,203.22,,203.22,main,special_metrics_long.csv:流动性覆盖率(%):p22,liquidity_risk_long.csv;special_metrics_long.csv,matched,0.0,0.0,主表值与核验源在容忍阈值内，可进入主报告。
江西,2025,roa,总资产收益率,0.181,,0.18,main,special_metrics_long.csv:总资产收益率:p8,,matched,0.001,0.005556,主表值与核验源在容忍阈值内，可进入主报告。
江西,2025,roe,净资产收益率,1.52,,1.52,main,special_metrics_long.csv:加权平均净资产收益率:p8,,matched,0.0,0.0,主表值与核验源在容忍阈值内，可进入主报告。
江西,2025,costIncomeRatio,成本收入比,33.33,,33.33,main,special_metrics_long.csv:成本收入比:p8,,matched,0.0,0.0,主表值与核验源在容忍阈值内，可进入主报告。
江西,2025,nim,净息差,1.41,,1.41,main,nim_long.csv:nim_pct:p8,nim_long.csv;special_metrics_long.csv,matched,0.0,0.0,主表值与核验源在容忍阈值内，可进入主报告。
江西,2025,npl,不良贷款率,2.0,,2.0,main,special_metrics_long.csv:不良贷款率:p41,special_metrics_long.csv,matched,0.0,0.0,主表值与核验源在容忍阈值内，可进入主报告。
江西,2025,provisionCoverage,拨备覆盖率,161.95,,161.95,main,special_metrics_long.csv:拨备覆盖率:p8,special_metrics_long.csv,matched,0.0,0.0,主表值与核验源在容忍阈值内，可进入主报告。
江西,2025,cet1,核心一级资本充足率,8.6,,8.6,main,special_metrics_long.csv:核心一级资本充足率:p77,special_metrics_long.csv,matched,0.0,0.0,主表值与核验源在容忍阈值内，可进入主报告。
江西,2025,liquidityCoverageRatio,流动性覆盖率,314.3,,314.3,main,special_metrics_long.csv:流动性覆盖率:p71,liquidity_risk_long.csv;special_metrics_long.csv,matched,0.0,0.0,主表值与核验源在容忍阈值内，可进入主报告。
泸州,2025,roa,总资产收益率,0.826,,,main,,,main_only,,,主表已有值，核验源暂缺；正式报告保留主数据口径说明。
泸州,2025,roe,净资产收益率,12.06,,12.06,main,special_metrics_long.csv:加权平均净资产收益率:p7,,matched,0.0,0.0,主表值与核验源在容忍阈值内，可进入主报告。
泸州,2025,costIncomeRatio,成本收入比,40.67,,40.67,main,special_metrics_long.csv:成本收入比:p7,,matched,0.0,0.0,主表值与核验源在容忍阈值内，可进入主报告。
泸州,2025,nim,净息差,2.49,,2.49,main,nim_long.csv:nim_pct:p7,nim_long.csv;special_metrics_long.csv,matched,0.0,0.0,主表值与核验源在容忍阈值内，可进入主报告。
泸州,2025,npl,不良贷款率,1.18,,1.18,main,special_metrics_long.csv:不良贷款率:p7,special_metrics_long.csv,matched,0.0,0.0,主表值与核验源在容忍阈值内，可进入主报告。
泸州,2025,provisionCoverage,拨备覆盖率,415.24,,415.24,main,special_metrics_long.csv:拨备覆盖率:p7,special_metrics_long.csv,matched,0.0,0.0,主表值与核验源在容忍阈值内，可进入主报告。
泸州,2025,cet1,核心一级资本充足率,8.27,,8.27,main,special_metrics_long.csv:核心一级资本充足率:p7,special_metrics_long.csv,matched,0.0,0.0,主表值与核验源在容忍阈值内，可进入主报告。
泸州,2025,liquidityCoverageRatio,流动性覆盖率,280.28,,,main,,liquidity_risk_long.csv;special_metrics_long.csv,scraped_pending_fieldization,,,主表已有值，年报有相关明细但暂未稳定映射到该字段。
甘肃,2025,roa,总资产收益率,,,,,,,missing,,,三源均未形成可核验值，不能进入强结论。
甘肃,2025,roe,净资产收益率,,,1.73,annual_report_scraped,special_metrics_long.csv:加权平均净资产收益率:p14,,filled_from_validation,,,主表缺值，核验源已有值；可作为补充值但需保留来源。
甘肃,2025,costIncomeRatio,成本收入比,41.6,,41.6,main,special_metrics_long.csv:成本收入比:p14,,matched,0.0,0.0,主表值与核验源在容忍阈值内，可进入主报告。
甘肃,2025,nim,净息差,1.09,,1.09,main,nim_long.csv:nim_pct:p20,nim_long.csv;special_metrics_long.csv,matched,0.0,0.0,主表值与核验源在容忍阈值内，可进入主报告。
甘肃,2025,npl,不良贷款率,1.93,,1.93,main,special_metrics_long.csv:不良贷款率:p14,special_metrics_long.csv,matched,0.0,0.0,主表值与核验源在容忍阈值内，可进入主报告。
甘肃,2025,provisionCoverage,拨备覆盖率,130.83,,130.83,main,special_metrics_long.csv:拨备覆盖率:p14,special_metrics_long.csv,matched,0.0,0.0,主表值与核验源在容忍阈值内，可进入主报告。
甘肃,2025,cet1,核心一级资本充足率,11.07,,11.07,main,special_metrics_long.csv:核心一级资本充足率:p14,special_metrics_long.csv,matched,0.0,0.0,主表值与核验源在容忍阈值内，可进入主报告。
甘肃,2025,liquidityCoverageRatio,流动性覆盖率,234.01,,,main,,liquidity_risk_long.csv;special_metrics_long.csv,scraped_pending_fieldization,,,主表已有值，年报有相关明细但暂未稳定映射到该字段。
苏州,2025,roa,总资产收益率,0.7522,,0.75,main,special_metrics_long.csv:总资产收益率:p15,,matched,0.0022,0.002933,主表值与核验源在容忍阈值内，可进入主报告。
苏州,2025,roe,净资产收益率,10.66,,10.66,main,special_metrics_long.csv:净资产收益率:p15,,matched,0.0,0.0,主表值与核验源在容忍阈值内，可进入主报告。
苏州,2025,costIncomeRatio,成本收入比,34.99,,34.99,main,special_metrics_long.csv:成本收入比(%):p15,,matched,0.0,0.0,主表值与核验源在容忍阈值内，可进入主报告。
苏州,2025,nim,净息差,1.33,,1.33,main,nim_long.csv:nim_pct:p15,nim_long.csv;special_metrics_long.csv,matched,0.0,0.0,主表值与核验源在容忍阈值内，可进入主报告。
苏州,2025,npl,不良贷款率,0.82,,0.82,main,special_metrics_long.csv:不良贷款率(%):p15,special_metrics_long.csv,matched,0.0,0.0,主表值与核验源在容忍阈值内，可进入主报告。
苏州,2025,provisionCoverage,拨备覆盖率,418.6,,418.6,main,special_metrics_long.csv:拨备覆盖率(%):p15,special_metrics_long.csv,matched,0.0,0.0,主表值与核验源在容忍阈值内，可进入主报告。
苏州,2025,cet1,核心一级资本充足率,9.53,,9.53,main,special_metrics_long.csv:核心一级资本充足率(%):p15,special_metrics_long.csv,matched,0.0,0.0,主表值与核验源在容忍阈值内，可进入主报告。
苏州,2025,liquidityCoverageRatio,流动性覆盖率,217.74,,217.74,main,special_metrics_long.csv:流动性覆盖率(%):p15,liquidity_risk_long.csv;special_metrics_long.csv,matched,0.0,0.0,主表值与核验源在容忍阈值内，可进入主报告。
西安,2025,roa,总资产收益率,0.5198,,0.52,main,special_metrics_long.csv:总资产收益率:p14,,matched,-0.0002,0.000385,主表值与核验源在容忍阈值内，可进入主报告。
西安,2025,roe,净资产收益率,7.74,,7.74,main,special_metrics_long.csv:加权平均净资产收益率:p14,,matched,0.0,0.0,主表值与核验源在容忍阈值内，可进入主报告。
西安,2025,costIncomeRatio,成本收入比,20.67,,20.67,main,special_metrics_long.csv:成本收入比(%):p14,,matched,0.0,0.0,主表值与核验源在容忍阈值内，可进入主报告。
西安,2025,nim,净息差,1.85,,1.85,main,nim_long.csv:nim_pct:p30,nim_long.csv;special_metrics_long.csv,matched,0.0,0.0,主表值与核验源在容忍阈值内，可进入主报告。
西安,2025,npl,不良贷款率,1.65,,1.65,main,special_metrics_long.csv:不良贷款率(%):p14,special_metrics_long.csv,matched,0.0,0.0,主表值与核验源在容忍阈值内，可进入主报告。
西安,2025,provisionCoverage,拨备覆盖率,214.62,,214.62,main,special_metrics_long.csv:拨备覆盖率(%):p14,special_metrics_long.csv,matched,0.0,0.0,主表值与核验源在容忍阈值内，可进入主报告。
西安,2025,cet1,核心一级资本充足率,9.15,,9.15,main,special_metrics_long.csv:核心一级资本充足率(%):p14,special_metrics_long.csv,matched,0.0,0.0,主表值与核验源在容忍阈值内，可进入主报告。
西安,2025,liquidityCoverageRatio,流动性覆盖率,579.46,,579.46,main,special_metrics_long.csv:流动性覆盖率(%):p17,liquidity_risk_long.csv;special_metrics_long.csv,matched,0.0,0.0,主表值与核验源在容忍阈值内，可进入主报告。
贵州,2025,roa,总资产收益率,0.67,,0.67,main,special_metrics_long.csv:总资产收益率:p15,,matched,0.0,0.0,主表值与核验源在容忍阈值内，可进入主报告。
贵州,2025,roe,净资产收益率,,,,,,,missing,,,三源均未形成可核验值，不能进入强结论。
贵州,2025,costIncomeRatio,成本收入比,28.9,,28.9,main,special_metrics_long.csv:成本收入比(%):p15,,matched,0.0,0.0,主表值与核验源在容忍阈值内，可进入主报告。
贵州,2025,nim,净息差,1.88,,1.88,main,nim_long.csv:nim_pct:p25,nim_long.csv;special_metrics_long.csv,matched,0.0,0.0,主表值与核验源在容忍阈值内，可进入主报告。
贵州,2025,npl,不良贷款率,1.65,,,main,,special_metrics_long.csv,scraped_pending_fieldization,,,主表已有值，年报有相关明细但暂未稳定映射到该字段。
贵州,2025,provisionCoverage,拨备覆盖率,329.1,,,main,,special_metrics_long.csv,scraped_pending_fieldization,,,主表已有值，年报有相关明细但暂未稳定映射到该字段。
贵州,2025,cet1,核心一级资本充足率,11.34,,,main,,special_metrics_long.csv,scraped_pending_fieldization,,,主表已有值，年报有相关明细但暂未稳定映射到该字段。
贵州,2025,liquidityCoverageRatio,流动性覆盖率,254.99,,,main,,liquidity_risk_long.csv;special_metrics_long.csv,scraped_pending_fieldization,,,主表已有值，年报有相关明细但暂未稳定映射到该字段。
贵阳,2025,roa,总资产收益率,0.7369,,0.74,main,special_metrics_long.csv:总资产收益率:p9,,matched,-0.0031,0.004189,主表值与核验源在容忍阈值内，可进入主报告。
贵阳,2025,roe,净资产收益率,7.97,,7.97,main,special_metrics_long.csv:加权平均净资产收益率:p9,,matched,0.0,0.0,主表值与核验源在容忍阈值内，可进入主报告。
贵阳,2025,costIncomeRatio,成本收入比,29.81,,29.81,main,special_metrics_long.csv:成本收入比:p10,,matched,0.0,0.0,主表值与核验源在容忍阈值内，可进入主报告。
贵阳,2025,nim,净息差,1.58,,1.58,main,nim_long.csv:nim_pct:p9,nim_long.csv;special_metrics_long.csv,matched,0.0,0.0,主表值与核验源在容忍阈值内，可进入主报告。
贵阳,2025,npl,不良贷款率,1.59,,1.59,main,special_metrics_long.csv:不良贷款率:p9,special_metrics_long.csv,matched,0.0,0.0,主表值与核验源在容忍阈值内，可进入主报告。
贵阳,2025,provisionCoverage,拨备覆盖率,235.62,,235.62,main,special_metrics_long.csv:拨备覆盖率:p9,special_metrics_long.csv,matched,0.0,0.0,主表值与核验源在容忍阈值内，可进入主报告。
贵阳,2025,cet1,核心一级资本充足率,13.11,,13.11,main,special_metrics_long.csv:核心一级资本充足率:p11,special_metrics_long.csv,matched,0.0,0.0,主表值与核验源在容忍阈值内，可进入主报告。
贵阳,2025,liquidityCoverageRatio,流动性覆盖率,406.29,,406.29,main,special_metrics_long.csv:流动性覆盖率:p12,liquidity_risk_long.csv;special_metrics_long.csv,matched,0.0,0.0,主表值与核验源在容忍阈值内，可进入主报告。
郑州,2025,roa,总资产收益率,0.2689,,0.27,main,special_metrics_long.csv:总资产收益率:p11,,matched,-0.0011,0.004074,主表值与核验源在容忍阈值内，可进入主报告。
郑州,2025,roe,净资产收益率,3.16,,3.16,main,special_metrics_long.csv:净资产收益率:p11,,matched,0.0,0.0,主表值与核验源在容忍阈值内，可进入主报告。
郑州,2025,costIncomeRatio,成本收入比,27.67,,27.67,main,special_metrics_long.csv:成本收入比-%:p11,,matched,0.0,0.0,主表值与核验源在容忍阈值内，可进入主报告。
郑州,2025,nim,净息差,1.61,,1.61,main,nim_long.csv:nim_pct:p18,nim_long.csv;special_metrics_long.csv,matched,0.0,0.0,主表值与核验源在容忍阈值内，可进入主报告。
郑州,2025,npl,不良贷款率,1.71,,1.71,main,special_metrics_long.csv:不良贷款率-%:p11,special_metrics_long.csv,matched,0.0,0.0,主表值与核验源在容忍阈值内，可进入主报告。
郑州,2025,provisionCoverage,拨备覆盖率,185.81,,185.81,main,special_metrics_long.csv:拨备覆盖率-%:p11,special_metrics_long.csv,matched,0.0,0.0,主表值与核验源在容忍阈值内，可进入主报告。
郑州,2025,cet1,核心一级资本充足率,8.45,,8.45,main,special_metrics_long.csv:核心一级资本充足率-%:p11,special_metrics_long.csv,matched,0.0,0.0,主表值与核验源在容忍阈值内，可进入主报告。
郑州,2025,liquidityCoverageRatio,流动性覆盖率,226.73,,226.73,main,special_metrics_long.csv:流动性覆盖率-%:p12,liquidity_risk_long.csv;special_metrics_long.csv,matched,0.0,0.0,主表值与核验源在容忍阈值内，可进入主报告。
重庆,2025,roa,总资产收益率,0.6459,,0.65,main,special_metrics_long.csv:总资产收益率:p15,,matched,-0.0041,0.006308,主表值与核验源在容忍阈值内，可进入主报告。
重庆,2025,roe,净资产收益率,9.5,,9.5,main,special_metrics_long.csv:净资产收益率:p15,,matched,0.0,0.0,主表值与核验源在容忍阈值内，可进入主报告。
重庆,2025,costIncomeRatio,成本收入比,27.9,,,main,,,main_only,,,主表已有值，核验源暂缺；正式报告保留主数据口径说明。
重庆,2025,nim,净息差,1.39,,1.39,main,nim_long.csv:nim_pct:p32,nim_long.csv;special_metrics_long.csv,matched,0.0,0.0,主表值与核验源在容忍阈值内，可进入主报告。
重庆,2025,npl,不良贷款率,1.14,,1.14,main,special_metrics_long.csv:不良贷款率(%):p15,special_metrics_long.csv,matched,0.0,0.0,主表值与核验源在容忍阈值内，可进入主报告。
重庆,2025,provisionCoverage,拨备覆盖率,245.58,,245.58,main,special_metrics_long.csv:拨备覆盖率(%):p15,special_metrics_long.csv,matched,0.0,0.0,主表值与核验源在容忍阈值内，可进入主报告。
重庆,2025,cet1,核心一级资本充足率,8.53,,8.53,main,special_metrics_long.csv:核心一级资本充足率(%):p15,special_metrics_long.csv,matched,0.0,0.0,主表值与核验源在容忍阈值内，可进入主报告。
重庆,2025,liquidityCoverageRatio,流动性覆盖率,586.54,,,main,,liquidity_risk_long.csv;special_metrics_long.csv,scraped_pending_fieldization,,,主表已有值，年报有相关明细但暂未稳定映射到该字段。
长沙,2025,roa,总资产收益率,0.6781,,0.68,main,special_metrics_long.csv:总资产收益率:p12,,matched,-0.0019,0.002794,主表值与核验源在容忍阈值内，可进入主报告。
长沙,2025,roe,净资产收益率,11.24,,11.24,main,special_metrics_long.csv:净资产收益率:p12,,matched,0.0,0.0,主表值与核验源在容忍阈值内，可进入主报告。
长沙,2025,costIncomeRatio,成本收入比,27.75,,27.75,main,special_metrics_long.csv:成本收入比:p13,,matched,0.0,0.0,主表值与核验源在容忍阈值内，可进入主报告。
长沙,2025,nim,净息差,1.85,,1.85,main,nim_long.csv:nim_pct:p13,nim_long.csv;special_metrics_long.csv,matched,0.0,0.0,主表值与核验源在容忍阈值内，可进入主报告。
长沙,2025,npl,不良贷款率,1.15,,1.15,main,special_metrics_long.csv:不良贷款率:p13,special_metrics_long.csv,matched,0.0,0.0,主表值与核验源在容忍阈值内，可进入主报告。
长沙,2025,provisionCoverage,拨备覆盖率,280.86,,280.86,main,special_metrics_long.csv:拨备覆盖率:p13,special_metrics_long.csv,matched,0.0,0.0,主表值与核验源在容忍阈值内，可进入主报告。
长沙,2025,cet1,核心一级资本充足率,10.05,,10.05,main,special_metrics_long.csv:核心一级资本充足率:p13,special_metrics_long.csv,matched,0.0,0.0,主表值与核验源在容忍阈值内，可进入主报告。
长沙,2025,liquidityCoverageRatio,流动性覆盖率,316.47,,316.47,main,special_metrics_long.csv:流动性覆盖率:p13,liquidity_risk_long.csv;special_metrics_long.csv,matched,0.0,0.0,主表值与核验源在容忍阈值内，可进入主报告。
青岛,2025,roa,总资产收益率,0.7119,,0.71,main,special_metrics_long.csv:总资产收益率:p9,,matched,0.0019,0.002676,主表值与核验源在容忍阈值内，可进入主报告。
青岛,2025,roe,净资产收益率,12.68,,12.68,main,special_metrics_long.csv:净资产收益率:p9,,matched,0.0,0.0,主表值与核验源在容忍阈值内，可进入主报告。
青岛,2025,costIncomeRatio,成本收入比,31.62,,31.62,main,special_metrics_long.csv:成本收入比:p9,,matched,0.0,0.0,主表值与核验源在容忍阈值内，可进入主报告。
青岛,2025,nim,净息差,1.66,,1.66,main,nim_long.csv:nim_pct:p9,nim_long.csv;special_metrics_long.csv,matched,0.0,0.0,主表值与核验源在容忍阈值内，可进入主报告。
青岛,2025,npl,不良贷款率,0.97,,0.97,main,special_metrics_long.csv:不良贷款率:p9,special_metrics_long.csv,matched,0.0,0.0,主表值与核验源在容忍阈值内，可进入主报告。
青岛,2025,provisionCoverage,拨备覆盖率,292.3,,292.3,main,special_metrics_long.csv:拨备覆盖率:p9,special_metrics_long.csv,matched,0.0,0.0,主表值与核验源在容忍阈值内，可进入主报告。
青岛,2025,cet1,核心一级资本充足率,8.67,,8.67,main,special_metrics_long.csv:核心一级资本充足率:p9,special_metrics_long.csv,matched,0.0,0.0,主表值与核验源在容忍阈值内，可进入主报告。
青岛,2025,liquidityCoverageRatio,流动性覆盖率,213.25,,213.25,main,special_metrics_long.csv:流动性覆盖率:p62,liquidity_risk_long.csv;special_metrics_long.csv,matched,0.0,0.0,主表值与核验源在容忍阈值内，可进入主报告。
齐鲁,2025,roa,总资产收益率,0.7647,,0.76,main,special_metrics_long.csv:总资产收益率:p12,,matched,0.0047,0.006184,主表值与核验源在容忍阈值内，可进入主报告。
齐鲁,2025,roe,净资产收益率,12.17,,12.17,main,special_metrics_long.csv:净资产收益率:p12,,matched,0.0,0.0,主表值与核验源在容忍阈值内，可进入主报告。
齐鲁,2025,costIncomeRatio,成本收入比,28.35,,28.35,main,special_metrics_long.csv:成本收入比:p12,,matched,0.0,0.0,主表值与核验源在容忍阈值内，可进入主报告。
齐鲁,2025,nim,净息差,1.53,,1.53,main,nim_long.csv:nim_pct:p27,nim_long.csv;special_metrics_long.csv,matched,0.0,0.0,主表值与核验源在容忍阈值内，可进入主报告。
齐鲁,2025,npl,不良贷款率,1.05,,1.05,main,special_metrics_long.csv:不良贷款率:p12,special_metrics_long.csv,matched,0.0,0.0,主表值与核验源在容忍阈值内，可进入主报告。
齐鲁,2025,provisionCoverage,拨备覆盖率,355.91,,355.91,main,special_metrics_long.csv:拨备覆盖率:p12,special_metrics_long.csv,matched,0.0,0.0,主表值与核验源在容忍阈值内，可进入主报告。
齐鲁,2025,cet1,核心一级资本充足率,11.61,,11.61,main,special_metrics_long.csv:核心一级资本充足率:p13,special_metrics_long.csv,matched,0.0,0.0,主表值与核验源在容忍阈值内，可进入主报告。
齐鲁,2025,liquidityCoverageRatio,流动性覆盖率,274.65,,,main,,liquidity_risk_long.csv;special_metrics_long.csv,scraped_pending_fieldization,,,主表已有值，年报有相关明细但暂未稳定映射到该字段。
上海农商行,2025,roa,总资产收益率,0.8226,,0.82,main,special_metrics_long.csv:总资产收益率:p17,,matched,0.0026,0.003171,主表值与核验源在容忍阈值内，可进入主报告。
上海农商行,2025,roe,净资产收益率,9.74,,9.74,main,special_metrics_long.csv:净资产收益率:p17,,matched,0.0,0.0,主表值与核验源在容忍阈值内，可进入主报告。
上海农商行,2025,costIncomeRatio,成本收入比,32.99,,32.99,main,special_metrics_long.csv:成本收入比:p17,,matched,0.0,0.0,主表值与核验源在容忍阈值内，可进入主报告。
上海农商行,2025,nim,净息差,1.37,,1.37,main,nim_long.csv:nim_pct:p17,nim_long.csv;special_metrics_long.csv,matched,0.0,0.0,主表值与核验源在容忍阈值内，可进入主报告。
上海农商行,2025,npl,不良贷款率,0.96,,0.96,main,special_metrics_long.csv:不良贷款率:p17,special_metrics_long.csv,matched,0.0,0.0,主表值与核验源在容忍阈值内，可进入主报告。
上海农商行,2025,provisionCoverage,拨备覆盖率,328.87,,328.87,main,special_metrics_long.csv:拨备覆盖率:p17,special_metrics_long.csv,matched,0.0,0.0,主表值与核验源在容忍阈值内，可进入主报告。
上海农商行,2025,cet1,核心一级资本充足率,14.44,,14.44,main,special_metrics_long.csv:核心一级资本充足率:p17,special_metrics_long.csv,matched,0.0,0.0,主表值与核验源在容忍阈值内，可进入主报告。
上海农商行,2025,liquidityCoverageRatio,流动性覆盖率,234.14,,,main,,liquidity_risk_long.csv;special_metrics_long.csv,scraped_pending_fieldization,,,主表已有值，年报有相关明细但暂未稳定映射到该字段。
东莞农商行,2025,roa,总资产收益率,0.5029,,0.5,main,special_metrics_long.csv:总资产收益率:p20,,matched,0.0029,0.0058,主表值与核验源在容忍阈值内，可进入主报告。
东莞农商行,2025,roe,净资产收益率,6.18,,,main,,,main_only,,,主表已有值，核验源暂缺；正式报告保留主数据口径说明。
东莞农商行,2025,costIncomeRatio,成本收入比,38.36,,,main,,,main_only,,,主表已有值，核验源暂缺；正式报告保留主数据口径说明。
东莞农商行,2025,nim,净息差,1.25,,1.25,main,nim_long.csv:nim_pct:p25,nim_long.csv;special_metrics_long.csv,matched,0.0,0.0,主表值与核验源在容忍阈值内，可进入主报告。
东莞农商行,2025,npl,不良贷款率,1.79,,1.79,main,special_metrics_long.csv:不良贷款率:p21,special_metrics_long.csv,matched,0.0,0.0,主表值与核验源在容忍阈值内，可进入主报告。
东莞农商行,2025,provisionCoverage,拨备覆盖率,207.68,,207.68,main,special_metrics_long.csv:拨备覆盖率:p21,special_metrics_long.csv,matched,0.0,0.0,主表值与核验源在容忍阈值内，可进入主报告。
东莞农商行,2025,cet1,核心一级资本充足率,13.3,,13.3,main,special_metrics_long.csv:核心一级资本充足率:p20,special_metrics_long.csv,matched,0.0,0.0,主表值与核验源在容忍阈值内，可进入主报告。
东莞农商行,2025,liquidityCoverageRatio,流动性覆盖率,206.28,,206.28,main,special_metrics_long.csv:流动性覆盖率:p60,liquidity_risk_long.csv;special_metrics_long.csv,matched,0.0,0.0,主表值与核验源在容忍阈值内，可进入主报告。
常熟农商行,2025,roa,总资产收益率,1.16,,1.16,main,special_metrics_long.csv:总资产收益率:p15,,matched,0.0,0.0,主表值与核验源在容忍阈值内，可进入主报告。
常熟农商行,2025,roe,净资产收益率,14.05,,,main,,,main_only,,,主表已有值，核验源暂缺；正式报告保留主数据口径说明。
常熟农商行,2025,costIncomeRatio,成本收入比,35.66,,35.66,main,special_metrics_long.csv:成本收入比:p15,,matched,0.0,0.0,主表值与核验源在容忍阈值内，可进入主报告。
常熟农商行,2025,nim,净息差,2.53,,2.53,main,nim_long.csv:nim_pct:p15,nim_long.csv;special_metrics_long.csv,matched,0.0,0.0,主表值与核验源在容忍阈值内，可进入主报告。
常熟农商行,2025,npl,不良贷款率,0.76,,0.76,main,special_metrics_long.csv:不良贷款率:p15,special_metrics_long.csv,matched,0.0,0.0,主表值与核验源在容忍阈值内，可进入主报告。
常熟农商行,2025,provisionCoverage,拨备覆盖率,451.25,,451.25,main,special_metrics_long.csv:拨备覆盖率:p15,special_metrics_long.csv,matched,0.0,0.0,主表值与核验源在容忍阈值内，可进入主报告。
常熟农商行,2025,cet1,核心一级资本充足率,11.6,,11.6,main,special_metrics_long.csv:核心一级资本充足率:p156,special_metrics_long.csv,matched,0.0,0.0,主表值与核验源在容忍阈值内，可进入主报告。
常熟农商行,2025,liquidityCoverageRatio,流动性覆盖率,286.43,,,main,,liquidity_risk_long.csv;special_metrics_long.csv,scraped_pending_fieldization,,,主表已有值，年报有相关明细但暂未稳定映射到该字段。
广州农商行,2025,roa,总资产收益率,0.1797,,0.18,main,special_metrics_long.csv:平均资产回报率:p21,,matched,-0.0003,0.001667,主表值与核验源在容忍阈值内，可进入主报告。
广州农商行,2025,roe,净资产收益率,,,2.37,annual_report_scraped,special_metrics_long.csv:加权平均净资产收益率:p21,,filled_from_validation,,,主表缺值，核验源已有值；可作为补充值但需保留来源。
广州农商行,2025,costIncomeRatio,成本收入比,40.0,,40.0,main,special_metrics_long.csv:成本收入比:p21,,matched,0.0,0.0,主表值与核验源在容忍阈值内，可进入主报告。
广州农商行,2025,nim,净息差,1.08,,1.08,main,nim_long.csv:nim_pct:p31,nim_long.csv;special_metrics_long.csv,matched,0.0,0.0,主表值与核验源在容忍阈值内，可进入主报告。
广州农商行,2025,npl,不良贷款率,1.86,,1.86,main,special_metrics_long.csv:不良贷款率:p21,special_metrics_long.csv,matched,0.0,0.0,主表值与核验源在容忍阈值内，可进入主报告。
广州农商行,2025,provisionCoverage,拨备覆盖率,161.85,,161.85,main,special_metrics_long.csv:拨备覆盖率:p21,special_metrics_long.csv,matched,0.0,0.0,主表值与核验源在容忍阈值内，可进入主报告。
广州农商行,2025,cet1,核心一级资本充足率,9.61,,9.61,main,special_metrics_long.csv:核心一级资本充足率:p21,special_metrics_long.csv,matched,0.0,0.0,主表值与核验源在容忍阈值内，可进入主报告。
广州农商行,2025,liquidityCoverageRatio,流动性覆盖率,241.16,,241.16,main,special_metrics_long.csv:流动性覆盖率:p319,liquidity_risk_long.csv;special_metrics_long.csv,matched,0.0,0.0,主表值与核验源在容忍阈值内，可进入主报告。
张家港农商行,2025,roa,总资产收益率,0.8883,,0.89,main,special_metrics_long.csv:总资产收益率:p9,,matched,-0.0017,0.00191,主表值与核验源在容忍阈值内，可进入主报告。
张家港农商行,2025,roe,净资产收益率,10.36,,10.36,main,special_metrics_long.csv:加权平均净资产收益率:p6,,matched,0.0,0.0,主表值与核验源在容忍阈值内，可进入主报告。
张家港农商行,2025,costIncomeRatio,成本收入比,35.43,,35.43,main,special_metrics_long.csv:成本收入比:p9,,matched,0.0,0.0,主表值与核验源在容忍阈值内，可进入主报告。
张家港农商行,2025,nim,净息差,1.39,,1.39,main,nim_long.csv:nim_pct:p15,nim_long.csv;special_metrics_long.csv,matched,0.0,0.0,主表值与核验源在容忍阈值内，可进入主报告。
张家港农商行,2025,npl,不良贷款率,0.94,,0.94,main,special_metrics_long.csv:不良贷款率:p9,special_metrics_long.csv,matched,0.0,0.0,主表值与核验源在容忍阈值内，可进入主报告。
张家港农商行,2025,provisionCoverage,拨备覆盖率,328.87,,328.87,main,special_metrics_long.csv:拨备覆盖率:p9,special_metrics_long.csv,matched,0.0,0.0,主表值与核验源在容忍阈值内，可进入主报告。
张家港农商行,2025,cet1,核心一级资本充足率,10.93,,10.93,main,special_metrics_long.csv:核心一级资本充足率:p9,special_metrics_long.csv,matched,0.0,0.0,主表值与核验源在容忍阈值内，可进入主报告。
张家港农商行,2025,liquidityCoverageRatio,流动性覆盖率,248.27,,,main,,liquidity_risk_long.csv;special_metrics_long.csv,scraped_pending_fieldization,,,主表已有值，年报有相关明细但暂未稳定映射到该字段。
无锡农商行,2025,roa,总资产收益率,0.859,,0.86,main,special_metrics_long.csv:总资产收益率:p8,,matched,-0.001,0.001163,主表值与核验源在容忍阈值内，可进入主报告。
无锡农商行,2025,roe,净资产收益率,10.05,,10.05,main,special_metrics_long.csv:加权平均净资产收益率:p7,,matched,0.0,0.0,主表值与核验源在容忍阈值内，可进入主报告。
无锡农商行,2025,costIncomeRatio,成本收入比,30.5,,30.5,main,special_metrics_long.csv:成本收入比:p198,,matched,0.0,0.0,主表值与核验源在容忍阈值内，可进入主报告。
无锡农商行,2025,nim,净息差,1.35,,1.35,main,nim_long.csv:nim_pct:p8,nim_long.csv;special_metrics_long.csv,matched,0.0,0.0,主表值与核验源在容忍阈值内，可进入主报告。
无锡农商行,2025,npl,不良贷款率,0.77,,0.77,main,special_metrics_long.csv:不良贷款率:p8,special_metrics_long.csv,matched,0.0,0.0,主表值与核验源在容忍阈值内，可进入主报告。
无锡农商行,2025,provisionCoverage,拨备覆盖率,414.91,,414.91,main,special_metrics_long.csv:拨备覆盖率:p8,special_metrics_long.csv,matched,0.0,0.0,主表值与核验源在容忍阈值内，可进入主报告。
无锡农商行,2025,cet1,核心一级资本充足率,11.84,,11.84,main,special_metrics_long.csv:核心一级资本充足率:p8,special_metrics_long.csv,matched,0.0,0.0,主表值与核验源在容忍阈值内，可进入主报告。
无锡农商行,2025,liquidityCoverageRatio,流动性覆盖率,224.56,,,main,,liquidity_risk_long.csv;special_metrics_long.csv,scraped_pending_fieldization,,,主表已有值，年报有相关明细但暂未稳定映射到该字段。
江阴农商行,2025,roa,总资产收益率,0.9644,,,main,,,main_only,,,主表已有值，核验源暂缺；正式报告保留主数据口径说明。
江阴农商行,2025,roe,净资产收益率,10.71,,,main,,,main_only,,,主表已有值，核验源暂缺；正式报告保留主数据口径说明。
江阴农商行,2025,costIncomeRatio,成本收入比,30.08,,,main,,,main_only,,,主表已有值，核验源暂缺；正式报告保留主数据口径说明。
江阴农商行,2025,nim,净息差,1.6,,,main,,,main_only,,,主表已有值，核验源暂缺；正式报告保留主数据口径说明。
江阴农商行,2025,npl,不良贷款率,0.82,,,main,,,main_only,,,主表已有值，核验源暂缺；正式报告保留主数据口径说明。
江阴农商行,2025,provisionCoverage,拨备覆盖率,329.98,,,main,,,main_only,,,主表已有值，核验源暂缺；正式报告保留主数据口径说明。
江阴农商行,2025,cet1,核心一级资本充足率,13.63,,,main,,,main_only,,,主表已有值，核验源暂缺；正式报告保留主数据口径说明。
江阴农商行,2025,liquidityCoverageRatio,流动性覆盖率,159.87,,,main,,,main_only,,,主表已有值，核验源暂缺；正式报告保留主数据口径说明。
瑞丰农商行,2025,roa,总资产收益率,0.8602,,,main,,,main_only,,,主表已有值，核验源暂缺；正式报告保留主数据口径说明。
瑞丰农商行,2025,roe,净资产收益率,10.2,,10.2,main,special_metrics_long.csv:加权平均净资产收益率:p11,,matched,0.0,0.0,主表值与核验源在容忍阈值内，可进入主报告。
瑞丰农商行,2025,costIncomeRatio,成本收入比,30.88,,30.88,main,special_metrics_long.csv:成本收入比:p3,,matched,0.0,0.0,主表值与核验源在容忍阈值内，可进入主报告。
瑞丰农商行,2025,nim,净息差,1.5,,1.5,main,nim_long.csv:nim_pct:p28,nim_long.csv;special_metrics_long.csv,matched,0.0,0.0,主表值与核验源在容忍阈值内，可进入主报告。
瑞丰农商行,2025,npl,不良贷款率,0.99,,0.99,main,special_metrics_long.csv:不良贷款率:p12,special_metrics_long.csv,matched,0.0,0.0,主表值与核验源在容忍阈值内，可进入主报告。
瑞丰农商行,2025,provisionCoverage,拨备覆盖率,326.51,,326.51,main,special_metrics_long.csv:拨备覆盖率:p12,special_metrics_long.csv,matched,0.0,0.0,主表值与核验源在容忍阈值内，可进入主报告。
瑞丰农商行,2025,cet1,核心一级资本充足率,12.65,,12.65,main,special_metrics_long.csv:核心一级资本充足率:p12,special_metrics_long.csv,matched,0.0,0.0,主表值与核验源在容忍阈值内，可进入主报告。
瑞丰农商行,2025,liquidityCoverageRatio,流动性覆盖率,185.46,,185.46,main,special_metrics_long.csv:流动性覆盖率:p14,liquidity_risk_long.csv;special_metrics_long.csv,matched,0.0,0.0,主表值与核验源在容忍阈值内，可进入主报告。
紫金农商行,2025,roa,总资产收益率,0.4442,,0.44,main,special_metrics_long.csv:总资产收益率:p10,,matched,0.0042,0.009545,主表值与核验源在容忍阈值内，可进入主报告。
紫金农商行,2025,roe,净资产收益率,6.17,,6.17,main,special_metrics_long.csv:净资产收益率:p10,,matched,0.0,0.0,主表值与核验源在容忍阈值内，可进入主报告。
紫金农商行,2025,costIncomeRatio,成本收入比,36.73,,36.73,main,special_metrics_long.csv:成本收入比:p11,,matched,0.0,0.0,主表值与核验源在容忍阈值内，可进入主报告。
紫金农商行,2025,nim,净息差,1.13,,1.13,main,nim_long.csv:nim_pct:p11,nim_long.csv;special_metrics_long.csv,matched,0.0,0.0,主表值与核验源在容忍阈值内，可进入主报告。
紫金农商行,2025,npl,不良贷款率,1.35,,1.35,main,special_metrics_long.csv:不良贷款率:p12,special_metrics_long.csv,matched,0.0,0.0,主表值与核验源在容忍阈值内，可进入主报告。
紫金农商行,2025,provisionCoverage,拨备覆盖率,180.09,,180.09,main,special_metrics_long.csv:拨备覆盖率:p12,special_metrics_long.csv,matched,0.0,0.0,主表值与核验源在容忍阈值内，可进入主报告。
紫金农商行,2025,cet1,核心一级资本充足率,10.62,,10.62,main,special_metrics_long.csv:核心一级资本充足率:p12,special_metrics_long.csv,matched,0.0,0.0,主表值与核验源在容忍阈值内，可进入主报告。
紫金农商行,2025,liquidityCoverageRatio,流动性覆盖率,128.95,,128.95,main,special_metrics_long.csv:流动性覆盖率:p30,liquidity_risk_long.csv;special_metrics_long.csv,matched,0.0,0.0,主表值与核验源在容忍阈值内，可进入主报告。
苏州农商行,2025,roa,总资产收益率,0.9186,,0.79,main,special_metrics_long.csv:总资产收益率:p15,,source_conflict_review,0.1286,0.162785,主表值与核验源差异超过阈值，需复核单位、符号或合并口径。
苏州农商行,2025,roe,净资产收益率,10.84,,10.84,main,special_metrics_long.csv:加权平均净资产收益率:p11,,matched,0.0,0.0,主表值与核验源在容忍阈值内，可进入主报告。
苏州农商行,2025,costIncomeRatio,成本收入比,34.31,,34.31,main,special_metrics_long.csv:成本收入比:p11,,matched,0.0,0.0,主表值与核验源在容忍阈值内，可进入主报告。
苏州农商行,2025,nim,净息差,1.41,,1.41,main,nim_long.csv:nim_pct:p11,nim_long.csv;special_metrics_long.csv,matched,0.0,0.0,主表值与核验源在容忍阈值内，可进入主报告。
苏州农商行,2025,npl,不良贷款率,0.88,,0.88,main,special_metrics_long.csv:不良贷款率:p11,special_metrics_long.csv,matched,0.0,0.0,主表值与核验源在容忍阈值内，可进入主报告。
苏州农商行,2025,provisionCoverage,拨备覆盖率,370.17,,370.17,main,special_metrics_long.csv:拨备覆盖率:p11,special_metrics_long.csv,matched,0.0,0.0,主表值与核验源在容忍阈值内，可进入主报告。
苏州农商行,2025,cet1,核心一级资本充足率,10.65,,10.65,main,special_metrics_long.csv:核心一级资本充足率:p11,special_metrics_long.csv,matched,0.0,0.0,主表值与核验源在容忍阈值内，可进入主报告。
苏州农商行,2025,liquidityCoverageRatio,流动性覆盖率,144.66,,144.66,main,special_metrics_long.csv:流动性覆盖率:p13,liquidity_risk_long.csv;special_metrics_long.csv,matched,0.0,0.0,主表值与核验源在容忍阈值内，可进入主报告。
重庆农商行,2025,roa,总资产收益率,0.781,,0.78,main,special_metrics_long.csv:总资产收益率:p25,,matched,0.001,0.001282,主表值与核验源在容忍阈值内，可进入主报告。
重庆农商行,2025,roe,净资产收益率,9.18,,9.18,main,special_metrics_long.csv:加权平均净资产收益率:p25,,matched,0.0,0.0,主表值与核验源在容忍阈值内，可进入主报告。
重庆农商行,2025,costIncomeRatio,成本收入比,31.22,,31.22,main,special_metrics_long.csv:成本收入比:p25,,matched,0.0,0.0,主表值与核验源在容忍阈值内，可进入主报告。
重庆农商行,2025,nim,净息差,1.6,,1.6,main,nim_long.csv:nim_pct:p34,nim_long.csv;special_metrics_long.csv,matched,0.0,0.0,主表值与核验源在容忍阈值内，可进入主报告。
重庆农商行,2025,npl,不良贷款率,1.08,,1.08,main,special_metrics_long.csv:不良贷款率:p25,special_metrics_long.csv,matched,0.0,0.0,主表值与核验源在容忍阈值内，可进入主报告。
重庆农商行,2025,provisionCoverage,拨备覆盖率,367.26,,367.26,main,special_metrics_long.csv:拨备覆盖率:p25,special_metrics_long.csv,matched,0.0,0.0,主表值与核验源在容忍阈值内，可进入主报告。
重庆农商行,2025,cet1,核心一级资本充足率,12.67,,12.67,main,special_metrics_long.csv:核心一级资本充足率:p25,special_metrics_long.csv,matched,0.0,0.0,主表值与核验源在容忍阈值内，可进入主报告。
重庆农商行,2025,liquidityCoverageRatio,流动性覆盖率,461.82,,461.82,main,special_metrics_long.csv:流动性覆盖率:p83,liquidity_risk_long.csv;special_metrics_long.csv,matched,0.0,0.0,主表值与核验源在容忍阈值内，可进入主报告。
青岛农商行,2025,roa,总资产收益率,0.6292,,0.63,main,special_metrics_long.csv:总资产收益率:p13,,matched,-0.0008,0.00127,主表值与核验源在容忍阈值内，可进入主报告。
青岛农商行,2025,roe,净资产收益率,7.94,,7.94,main,special_metrics_long.csv:加权平均净资产收益率:p13,,matched,0.0,0.0,主表值与核验源在容忍阈值内，可进入主报告。
青岛农商行,2025,costIncomeRatio,成本收入比,36.47,,36.47,main,special_metrics_long.csv:成本收入比:p13,,matched,0.0,0.0,主表值与核验源在容忍阈值内，可进入主报告。
青岛农商行,2025,nim,净息差,1.6,,1.6,main,nim_long.csv:nim_pct:p19,nim_long.csv;special_metrics_long.csv,matched,0.0,0.0,主表值与核验源在容忍阈值内，可进入主报告。
青岛农商行,2025,npl,不良贷款率,1.75,,1.75,main,special_metrics_long.csv:不良贷款率:p13,special_metrics_long.csv,matched,0.0,0.0,主表值与核验源在容忍阈值内，可进入主报告。
青岛农商行,2025,provisionCoverage,拨备覆盖率,261.01,,261.01,main,special_metrics_long.csv:拨备覆盖率:p13,special_metrics_long.csv,matched,0.0,0.0,主表值与核验源在容忍阈值内，可进入主报告。
青岛农商行,2025,cet1,核心一级资本充足率,10.07,,10.07,main,special_metrics_long.csv:核心一级资本充足率:p272,special_metrics_long.csv,matched,0.0,0.0,主表值与核验源在容忍阈值内，可进入主报告。
青岛农商行,2025,liquidityCoverageRatio,流动性覆盖率,379.1,,379.1,main,special_metrics_long.csv:流动性覆盖率:p49,liquidity_risk_long.csv;special_metrics_long.csv,matched,0.0,0.0,主表值与核验源在容忍阈值内，可进入主报告。
